{
  "intrinsic": [
    [
      1357.9359483399705,
      0.0,
      967.1483771405489
    ],
    [
      0.0,
      1366.9586588190891,
      577.470441434502
    ],
    [
      0.0,
      0.0,
      1.0
    ]
  ],
  "distortion": [
    [
      0.05611036800499122,
      0.8560321646934016,
      0.009605790930493917,
      -0.0011809869718647263,
      -3.768200390450599
    ]
  ],
  "resolution": [
    1920,
    1080
  ],
  "T_cam2gripper": [
    [
      -0.9986749628494684,
      -0.05136921382540336,
      -0.0030858464920720564,
      0.015773497397409925
    ],
    [
      0.05143710059980015,
      -0.9982573480837762,
      -0.02892216587036151,
      0.10986794926150417
    ],
    [
      -0.001594760012881091,
      -0.0290425699225577,
      0.999576903431044,
      -0.007039842561347889
    ],
    [
      0.0,
      0.0,
      0.0,
      1.0
    ]
  ]
}